,MAE,RMSE,MAPE,MPE
Prophet,1404.13963503251,1803.5391394570652,9.485486211275223,-2.578297045820233
ETS,2711.0842155319965,3479.8196228747133,16.798172696511028,14.996615225952162
